Label,Brand,Name,Price
Sun protect,LAURA MERCIER,Tinted Moisturizer Broad Spectrum SPF 20,45
Sun protect,LAURA MERCIER,Tinted Moisturizer Broad Spectrum SPF 20 - Oil Free,45
Sun protect,NARS,Pure Radiant Tinted Moisturizer Broad Spectrum SPF 30,45
Sun protect,SUPERGOOP!,Unseen Sunscreen Broad Spectrum SPF 40,32
Sun protect,LAURA MERCIER,Tinted Moisturizer SPF 20 - Illuminating,45
Sun protect,SUPERGOOP!,Everyday Sunscreen Broad Spectrum SPF 50,19
Sun protect,LANCÔME,BIENFAIT UV SPF 50+ Super Fluid Facial Sunscreen,40
Sun protect,MURAD,City Skin Age Defense Broad Spectrum SPF 50 PA++++,65
Sun protect,CLARINS,UV PLUS Anti-Pollution Sunscreen Multi-Protection Tint SPF 50,45
Sun protect,SHISEIDO,Urban Environment Tinted UV Protector Broad Spectrum SPF 43,34
Sun protect,CLARINS,Sunscreen Multi-Protection Broad Spectrum SPF 50,43
Sun protect,LAURA MERCIER,Foundation Primer Protect Broad Spectrum SPF 30 Sunscreen PA+++,38
Sun protect,NARS,Radiance Primer Broad Spectrum SPF 35 Sunscreen,36
Sun protect,JOSIE MARAN,Argan Daily Moisturizer Tinted SPF 47 Protect + Perfect,36
Sun protect,SHISEIDO,Ultimate Sun Protection Cream Broad Spectrum SPF 50+ Wetforce For Face,36
Sun protect,AMOREPACIFIC,MOISTURE BOUND Tinted Treatment Moisturizer SPF 15,70
Sun protect,PETER THOMAS ROTH,Max Sheer All Day Moisture Defense Lotion SPF 30 Sunscreen Lotion,42
Sun protect,SUPERGOOP!,City Sunscreen Serum SPF 30,42
Sun protect,PHILOSOPHY,Renewed Hope In A Jar SPF 30,39
Sun protect,COOLA,Mineral Face SPF 30 - Matte Tint,36
Sun protect,PERRICONE MD,High Potency Classics: Face Finishing & Firming Moisturizer Tint SPF 30,69
Sun protect,MURAD,Perfecting Day Cream Broad Spectrum SPF 30 PA+++,54
Sun protect,ESTÉE LAUDER,Advanced Time Zone SPF 15- Normal/Combination Skin,75
Sun protect,CLARINS,Multi-Active Day Cream SPF 20 - All Skin Types,54
Sun protect,LANCÔME,Bienfait Teinté Beauty Balm Sunscreen Broad Spectrum SPF 30,49
Sun protect,ORIGINS,Plantscription™ SPF 25 Power Anti-Aging Oil-Free Cream,60
Sun protect,SHISEIDO,Sports BB Broad Spectrum SPF 50+ WetForce,38
Sun protect,COOLA,Rōsilliance™ Organic BB+ Cream SPF 30,52
Sun protect,DIOR,Hydra Life BB Creme Broad Spectrum SPF 30,60
Sun protect,SUPERGOOP!,Defense Refresh Setting Mist Broad Spectrum SPF 50,28
Sun protect,LANCÔME,Bienfait Multi-Vital Sunscreen Lotion Broad Spectrum SPF 30,49
Sun protect,CLINIQUE,Smart Broad Spectrum SPF 15 Custom-Repair Moisturizer for Dry Combination Skin,55
Sun protect,CLINIQUE,Age Defense BB Cream Broad Spectrum SPF 30,39
Sun protect,ESTÉE LAUDER,Daywear Advanced Multi-Protection Anti-Oxidant Creme Oil-Free Broad Spectrum SPF 25,54
Sun protect,SHISEIDO,Benefiance NutriPerfect Day Cream Broad Spectrum SPF 18,90
Sun protect,CLINIQUE,Super City Block Oil-Free Daily Face Protector Broad Spectrum 40 SPF,26
Sun protect,COOLA,Mineral Face SPF 30 - Cucumber Matte,36
Sun protect,LA MER,The Broad Spectrum SPF 50 UV Protecting Fluid,95
Sun protect,COOLA,Daydream™ Mineral Primer SPF 30,42
Sun protect,SHISEIDO,Ultimate Sun Protection Spray Broad Spectrum SPF 50+ For Face/Body,36
Sun protect,DIOR,One Essential City Defense SPF 50,59
Sun protect,CLINIQUE,Superdefense SPF 20 Age Defense Moisturizer Combination Oily to Oily,48
Sun protect,FRESH,Black Tea Age-Delay Lotion Broad Spectrum Sunscreen SPF 20,70
Sun protect,CLINIQUE,Broad Spectrum SPF 50 Sunscreen Face Cream,26
Sun protect,CLINIQUE,Smart Broad Spectrum SPF 15 Custom-Repair Moisturizer for Very Dry to Dry Skin,55
Sun protect,JACK BLACK,Oil-Free Sun Guard Sunscreen Water Resistant SPF 45,21
Sun protect,LAURA MERCIER,Flawless Skin Mega Moisturizer SPF 15 - Normal/Dry Skin,53
Sun protect,COOLA,Classic Face Sport SPF 50 - White Tea,32
Sun protect,COOLA,Classic Face SPF 30 - Unscented,32
Sun protect,FRESH,Sugar Sport Treatment Sunscreen SPF 30,25
Sun protect,MURAD,Balancing Moisturizer Broad Spectrum SPF 15 PA++,40
Sun protect,SUPERGOOP!,Forever Young Body Butter with Sea Buckthorn SPF 40 PA+++,34
Sun protect,MURAD,Resurgence® Age–Balancing Moisture Broad Spectrum SPF 30,72
Sun protect,SUPERGOOP!,Super Power Sunscreen Mousse Broad Spectrum SPF 50,34
Sun protect,ALGENIST,Repairing Tint & Radiance Moisturizer SPF 30,42
Sun protect,DERMADOCTOR,DD Cream Dermatologically Defining BB Cream Broad Spectrum SPF 30,38
Sun protect,CLARINS,50+ SPF Sunscreen For Face Wrinkle Control Cream,35
Sun protect,CLINIQUE,Repairwear Uplifting Firming Cream Broad Spectrum SPF 15,64
Sun protect,SHISEIDO,Extra Smooth Sun Protection Cream SPF 38 PA+++,34
Sun protect,MDSOLARSCIENCES,Mineral Crème Broad Spectrum SPF 50 UVA-UVB Sunscreen,30
Sun protect,DR. DENNIS GROSS SKINCARE,Sheer Mineral Sun Spray SPF 50,42
Sun protect,BELIF,Moisturizing Bomb Cushion Compact Broad Spectrum SPF 50,42
Sun protect,LAURA MERCIER,Flawless Skin Mega Moisturizer SPF 15 - Normal/Combination Skin,53
Sun protect,ILIA,Radiant Translucent Powder SPF 20,34
Sun protect,ESTÉE LAUDER,DayWear UV Base Advanced Anti-Oxidant & UV Defense SPF 50,44
Sun protect,DR. DENNIS GROSS SKINCARE,Dark Spot Sun Defense Broad Spectrum SPF 50,42
Sun protect,COOLA,Classic Face SPF 30 - Cucumber,32
Sun protect,CLINIQUE,Repairwear Laser Focus Line Smoothing Cream Broad Spectrum SPF 15 for Very Dry to Dry Combination Skin,50
Sun protect,DERMADOCTOR,Photo Dynamic Therapy® 3–in–1 Facial Lotion With Broad Spectrum SPF 30,85
Sun protect,ESTÉE LAUDER,DayWear Multi-Protection Anti-Oxidant Sheer Tint Release Moisturizer Broad Spectrum SPF 15 - Normal/ Combination Skin,54
Sun protect,KIEHL'S SINCE 1851,Super Fluid UV Mineral Defense Titanium Dioxide Sunscreen Broad Spectrum SPF 50+,38
Sun protect,TOM FORD,Face Protect SPF 50,76
Sun protect,KATE SOMERVILLE,UncompliKated SPF 50 Soft Focus Makeup Setting Spray,38
Sun protect,CLINIQUE,City Block Sheer Oil-Free Daily Face Protector SPF 25,26
Sun protect,LAURA MERCIER,Flawless Skin Daily Face Shield SPF 40,45
Sun protect,KAPLAN MD,Daily Moisture SPF 30 Concentrate,100
Sun protect,HUM NUTRITION,Turn Back Time Anti-Aging Supplement,40
Sun protect,CLINIQUE,Smart Broad Spectrum SPF 15 Custom-Repair Moisturizer for Combination Oily Skin,55
Sun protect,ESTÉE LAUDER,DayWear BB Anti-Oxidant Beauty Benefit Crème SPF 35,42
Sun protect,MDSOLARSCIENCES,Daily Anti-Aging Moisturizer SPF 30,75
Sun protect,AMOREPACIFIC,Resort Collection Sun Protection Cushion SPF 30+,40
Sun protect,MDSOLARSCIENCES,Mineral Moisture Defense Body Broad Spectrum SPF 50 UVA-UVB Sunscreen,39
Sun protect,DR. BRANDT SKINCARE,pores no more® multi-performance stick,35
Sun protect,CLARINS,Sunscreen Cream High Protection SPF 30,36
Sun protect,MDSOLARSCIENCES,Mineral Sunscreen Stick Broad Spectrum SPF 40 UVA-UVB Sunscreen,18
Sun protect,CLINIQUE,Repairwear Laser Focus Line Smoothing Cream Broad Spectrum SPF 15 for Combination Oily to Oily Skin,50
Sun protect,CANE + AUSTIN,Protect Ultra Sheer Weightless Sunscreen Broad Spectrum SPF 50+ UVA/UVB,40
Sun protect,BLACK UP,Primer Broad Spectrum Sunscreen SPF 25,45
Sun protect,MOROCCANOIL,Sun Lotion 50 SPF,32
Sun protect,CLINIQUE,Virtu-oil Body Mist Broad Spectrum SPF 30,34
Sun protect,MOROCCANOIL,Sun Lotion 30 SPF,32
Sun protect,MOROCCANOIL,After-Sun Milk Soothing Body Lotion,28
Sun protect,SUPERGOOP!,Perfect Day 2-in-1 Everywear Lotion Broad Spectrum SPF 50 + Mint Condition Lip Shield SPF 30,19
Sun protect,PETER THOMAS ROTH,Oily Problem Skin Instant Mineral Powder SPF 30,30
Sun protect,COOLA,Summer Duo,36
Sun protect,VITA LIBERATA,Passionflower & Argan Dry Oil Broad Spectrum SPF 50,45
Sun protect,URBAN DECAY,Naked Skin Bronzing Beauty Balm Broad Spectrum SPF 20,34
Sun protect,KATE SOMERVILLE,Daily Deflector™ Moisturizer Broad Spectrum SPF 50+,48
Sun protect,KATE SOMERVILLE,Daily Deflector™ Waterlight Broad Spectrum SPF 50+ PA+++ Anti-Aging Sunscreen,48
Sun protect,VITA LIBERATA,Self Tan Dry Oil SPF 50,54
Sun protect,ST. TROPEZ TANNING ESSENTIALS,Pro Light Self Tan Bronzing Mist,20
